Codigo Localidad,Localidad,TipoSector,Codigo Barrio,Barrio,BarrioAnt
4,SAN CRISTOBAL,URBANO,1101,LAS BRISAS,
4,SAN CRISTOBAL,URBANO,1102,BUENOS AIRES,
4,SAN CRISTOBAL,URBANO,1103,VITELMA,
4,SAN CRISTOBAL,URBANO,1104,MOLINOS DE ORIENTE,
4,SAN CRISTOBAL,URBANO,1106,SAN BLAS,
4,SAN CRISTOBAL,URBANO,1107,LAS MERCEDES,
4,SAN CRISTOBAL,URBANO,1108,SAN CRISTOBAL SUR,
4,SAN CRISTOBAL,URBANO,1109,LA MARIA,
4,SAN CRISTOBAL,URBANO,1110,SAN JAVIER,
4,SAN CRISTOBAL,URBANO,1111,SANTA ANA SUR,
4,SAN CRISTOBAL,URBANO,1112,PRIMERO DE MAYO,
4,SAN CRISTOBAL,URBANO,1113,SAN BLAS II,
4,SAN CRISTOBAL,URBANO,1114,VELODROMO,
4,SAN CRISTOBAL,URBANO,1115,MONTE CARLO,
4,SAN CRISTOBAL,URBANO,1116,TIBAQUE URBANO,
4,SAN CRISTOBAL,URBANO,1118,LOS LAURELES SURORIENTAL I,201305
4,SAN CRISTOBAL,URBANO,1119,AGUAS CLARAS I,201304
15,ANTONIO NARIÑO,URBANO,1201,SEVILLA,
15,ANTONIO NARIÑO,URBANO,1202,CIUDAD BERNA,
15,ANTONIO NARIÑO,URBANO,1203,CARACAS,
15,ANTONIO NARIÑO,URBANO,1204,CIUDAD JARDIN SUR,
4,SAN CRISTOBAL,URBANO,1205,SOCIEGO,
4,SAN CRISTOBAL,URBANO,1206,QUINTA RAMOS,
4,SAN CRISTOBAL,URBANO,1207,NARIÑO SUR,
15,ANTONIO NARIÑO,URBANO,1208,LA HORTUA,
4,SAN CRISTOBAL,URBANO,1209,MODELO SUR,
4,SAN CRISTOBAL,URBANO,1210,CALVO SUR,
15,ANTONIO NARIÑO,URBANO,1211,POLICARPA,
4,SAN CRISTOBAL,URBANO,1301,GRANADA SUR,
4,SAN CRISTOBAL,URBANO,1302,MONTEBELLO,
4,SAN CRISTOBAL,URBANO,1303,CORDOBA,
4,SAN CRISTOBAL,URBANO,1304,BELLO HORIZONTE,
4,SAN CRISTOBAL,URBANO,1305,ATENAS,
4,SAN CRISTOBAL,URBANO,1306,SAN PEDRO,
4,SAN CRISTOBAL,URBANO,1307,RAMAJAL,
4,SAN CRISTOBAL,URBANO,1308,SANTA INES SUR,
4,SAN CRISTOBAL,URBANO,1309,SAN VICENTE,
4,SAN CRISTOBAL,URBANO,1310,LA VICTORIA,
4,SAN CRISTOBAL,URBANO,1311,LA GLORIA OCCIDENTAL,
4,SAN CRISTOBAL,URBANO,1312,LOS ALPES,
4,SAN CRISTOBAL,URBANO,1313,BELLAVISTA SUR,
4,SAN CRISTOBAL,URBANO,1314,SAN JOSE SUR ORIENTAL,
4,SAN CRISTOBAL,URBANO,1315,ALTAMIRA,
4,SAN CRISTOBAL,URBANO,1316,MORALBA,
4,SAN CRISTOBAL,URBANO,1317,PUENTE COLORADO,
4,SAN CRISTOBAL,URBANO,1318,QUINDIO,
4,SAN CRISTOBAL,URBANO,1319,LA GLORIA ORIENTAL,
4,SAN CRISTOBAL,URBANO,1320,NUEVA GLORIA,
4,SAN CRISTOBAL,URBANO,1321,SAN MARTIN SUR,
4,SAN CRISTOBAL,URBANO,1322,SAN RAFAEL USME,
4,SAN CRISTOBAL,URBANO,1323,NUEVA DELHI,
4,SAN CRISTOBAL,URBANO,1324,EL PINAR,
4,SAN CRISTOBAL,URBANO,1325,JUAN REY (LA PAZ),
4,SAN CRISTOBAL,URBANO,1327,LOS LIBERTADORES,
4,SAN CRISTOBAL,URBANO,1328,SANTA RITA SUR ORIENTAL,
4,SAN CRISTOBAL,URBANO,1329,EL PARAISO,
4,SAN CRISTOBAL,URBANO,1330,CANADA O GUIRA,
4,SAN CRISTOBAL,URBANO,1331,ALTOS DEL ZUQUE,
4,SAN CRISTOBAL,URBANO,1332,VILLABEL,
4,SAN CRISTOBAL,URBANO,1333,ALTOS DEL POBLADO,
4,SAN CRISTOBAL,URBANO,1334,LAS GAVIOTAS,
5,USME,URBANO,1335,VILLA DIANA,
5,USME,URBANO,1336,JUAN JOSE RONDON I,
5,USME,URBANO,1337,SAN PEDRO SUR,
4,SAN CRISTOBAL,URBANO,1338,LA BELLEZA,
4,SAN CRISTOBAL,URBANO,1339,BOSQUE DE LOS ALPES,
5,USME,URBANO,1340,TIHUAQUE,
4,SAN CRISTOBAL,URBANO,1342,ALTOS DEL ZIPA,
5,USME,URBANO,1344,LOS SOCHES,
5,USME,URBANO,1345,DOÑA LILIANA,
5,USME,URBANO,1346,CIUDAD LONDRES I,
5,USME,URBANO,1347,JUAN REY SUR,
5,USME,URBANO,1348,LA CABAÑA,
5,USME,URBANO,1349,CIUDAD LONDRES,
4,SAN CRISTOBAL,URBANO,1350,YOMASA,
4,SAN CRISTOBAL,URBANO,1352,GUACAMAYAS II,
4,SAN CRISTOBAL,URBANO,1353,GUACAMAYAS IV,
4,SAN CRISTOBAL,URBANO,1354,GUACAMAYAS III,
4,SAN CRISTOBAL,URBANO,1355,LAS GUACAMAYAS I,
4,SAN CRISTOBAL,URBANO,1356,VILLA DEL CERRO,
4,SAN CRISTOBAL,URBANO,1357,SANTA INES SUR II,
4,SAN CRISTOBAL,URBANO,1358,CHIGUAZA URBANO,
4,SAN CRISTOBAL,URBANO,1362,ARBOLEDA SANTA TERESITA,
18,RAFAEL URIBE URIBE,URBANO,1401,SAN JOSE SUR,
18,RAFAEL URIBE URIBE,URBANO,1402,GUSTAVO RESTREPO,
18,RAFAEL URIBE URIBE,URBANO,1403,HOSPITAL SAN CARLOS,
18,RAFAEL URIBE URIBE,URBANO,1404,SOSIEGO SUR,
4,SAN CRISTOBAL,URBANO,1405,VEINTE DE JULIO,
4,SAN CRISTOBAL,URBANO,1406,SAN ISIDRO,89
4,SAN CRISTOBAL,URBANO,1407,SURAMERICA,90
4,SAN CRISTOBAL,URBANO,1408,VILLA DE LOS ALPES,91
4,SAN CRISTOBAL,URBANO,1409,LAS LOMAS,92
18,RAFAEL URIBE URIBE,URBANO,1410,MARCO FIDEL SUAREZ,93
18,RAFAEL URIBE URIBE,URBANO,1411,SAN JORGE SUR,94
18,RAFAEL URIBE URIBE,URBANO,1412,GRANJAS SAN PABLO,95
18,RAFAEL URIBE URIBE,URBANO,1413,LA RESURRECCION,96
18,RAFAEL URIBE URIBE,URBANO,1414,MOLINOS DEL SUR,97
18,RAFAEL URIBE URIBE,URBANO,1415,MARCO FIDEL SUAREZ I,98
18,RAFAEL URIBE URIBE,URBANO,1416,SAN AGUSTIN,99
18,RAFAEL URIBE URIBE,URBANO,1417,LOS MOLINOS,100
18,RAFAEL URIBE URIBE,URBANO,1418,MARRUECOS,101
18,RAFAEL URIBE URIBE,URBANO,1419,CALLEJON SANTA BARBARA,102
18,RAFAEL URIBE URIBE,URBANO,1420,EL PLAYON,103
18,RAFAEL URIBE URIBE,URBANO,1421,DIANA TURBAY,104
18,RAFAEL URIBE URIBE,URBANO,1422,DIANA TURBAY ARRAYANES,105
18,RAFAEL URIBE URIBE,URBANO,1423,ARBOLEDA SUR,106
4,SAN CRISTOBAL,URBANO,1424,BARCELONA SUR,107
18,RAFAEL URIBE URIBE,URBANO,1425,GRANJAS DE SANTA SOFIA,108
18,RAFAEL URIBE URIBE,URBANO,1426,SAN LUIS,109
18,RAFAEL URIBE URIBE,URBANO,1427,PUERTO RICO,110
18,RAFAEL URIBE URIBE,URBANO,1428,CERROS DE ORIENTE,111
18,RAFAEL URIBE URIBE,URBANO,1429,GUIPARMA,112
4,SAN CRISTOBAL,URBANO,1430,VILLA DE LOS ALPES I,113
18,RAFAEL URIBE URIBE,URBANO,1431,LA RESURRECCION I,114
18,RAFAEL URIBE URIBE,URBANO,1432,DIANA TURBAY CULTIVOS,115
18,RAFAEL URIBE URIBE,URBANO,1434,CARMEN DEL SOL,116
18,RAFAEL URIBE URIBE,URBANO,1435,LOS ARRAYANES II,117
15,ANTONIO NARIÑO,URBANO,2101,LA FRAGUITA,118
15,ANTONIO NARIÑO,URBANO,2102,SAN ANTONIO,119
15,ANTONIO NARIÑO,URBANO,2103,RESTREPO,120
15,ANTONIO NARIÑO,URBANO,2104,RESTREPO,
,,,,OCCIDENTAL,
15,ANTONIO NARIÑO,URBANO,2105,SANTANDER,
15,ANTONIO NARIÑO,URBANO,2106,SENA,
15,ANTONIO NARIÑO,URBANO,2107,LA FRAGUA,
18,RAFAEL URIBE URIBE,URBANO,2201,OLAYA,
18,RAFAEL URIBE URIBE,URBANO,2202,QUIROGA,
18,RAFAEL URIBE URIBE,URBANO,2203,QUIROGA CENTRAL,
18,RAFAEL URIBE URIBE,URBANO,2204,QUIROGA SUR,
18,RAFAEL URIBE URIBE,URBANO,2205,SANTA LUCIA,
18,RAFAEL URIBE URIBE,URBANO,2209,QUIROGA I,
15,ANTONIO NARIÑO,URBANO,2301,EDUARDO FREY,
15,ANTONIO NARIÑO,URBANO,2302,SANTANDER SUR,
18,RAFAEL URIBE URIBE,URBANO,2303,CENTENARIO,
18,RAFAEL URIBE URIBE,URBANO,2304,SANTIAGO PEREZ,
18,RAFAEL URIBE URIBE,URBANO,2305,LIBERTADOR,
18,RAFAEL URIBE URIBE,URBANO,2306,BRAVO PAEZ,
18,RAFAEL URIBE URIBE,URBANO,2307,INGLES,
18,RAFAEL URIBE URIBE,URBANO,2308,CLARET,
15,ANTONIO NARIÑO,URBANO,2309,VILLA MAYOR ORIENTAL,
18,RAFAEL URIBE URIBE,URBANO,2310,MURILLO TORO,
18,RAFAEL URIBE URIBE,URBANO,2311,VILLA MAYOR,
6,TUNJUELITO,URBANO,2401,TUNAL ORIENTAL,
6,TUNJUELITO,URBANO,2402,SAN VICENTE FERRER,
6,TUNJUELITO,URBANO,2403,VENECIA OCCIDENTAL,
6,TUNJUELITO,URBANO,2404,VENECIA,
6,TUNJUELITO,URBANO,2405,ESCUELA GENERAL SANTANDER,
6,TUNJUELITO,URBANO,2406,SAMORE,
6,TUNJUELITO,URBANO,2407,EL CARMEN,
6,TUNJUELITO,URBANO,2408,FATIMA,
6,TUNJUELITO,URBANO,2409,NUEVO MUZU,
6,TUNJUELITO,URBANO,2410,PARQUE EL TUNAL,
6,TUNJUELITO,URBANO,2411,ISLA DEL SOL,
19,CIUDAD BOLIVAR,URBANO,2412,VERONA,
6,TUNJUELITO,URBANO,2413,MUZU,
19,CIUDAD BOLIVAR,URBANO,2414,ISMAEL PERDOMO,
19,CIUDAD BOLIVAR,URBANO,2415,MADELENA,
19,CIUDAD BOLIVAR,URBANO,2416,EL ENSUEÑO,
19,CIUDAD BOLIVAR,URBANO,2417,BARLOVENTO,
19,CIUDAD BOLIVAR,URBANO,2418,LA ESTANCIA,
19,CIUDAD BOLIVAR,URBANO,2419,RINCON DE LA VALVANERA,
19,CIUDAD BOLIVAR,URBANO,2420,LA CORUÑA,
19,CIUDAD BOLIVAR,URBANO,2421,RAFAEL ESCAMILLA,
19,CIUDAD BOLIVAR,URBANO,2422,ATLANTA,
19,CIUDAD BOLIVAR,URBANO,2423,ESPINO,
19,CIUDAD BOLIVAR,URBANO,2424,RINCON DE GALICIA,
19,CIUDAD BOLIVAR,URBANO,2426,SANTO DOMINGO,
19,CIUDAD BOLIVAR,URBANO,2427,GALICIA,
19,CIUDAD BOLIVAR,URBANO,2428,PRIMAVERA II,
19,CIUDAD BOLIVAR,URBANO,2429,MARIA CANO,
19,CIUDAD BOLIVAR,URBANO,2430,LAS BRISAS,
19,CIUDAD BOLIVAR,URBANO,2431,POTOSI,
19,CIUDAD BOLIVAR,URBANO,2432,ARBORIZADORA BAJA,
19,CIUDAD BOLIVAR,URBANO,2433,EL PEÑON DEL CORTIJO,
19,CIUDAD BOLIVAR,URBANO,2434,JERUSALEN,
19,CIUDAD BOLIVAR,URBANO,2435,EL CHIRCAL SUR,
19,CIUDAD BOLIVAR,URBANO,2436,BELLAVISTA,
19,CIUDAD BOLIVAR,URBANO,2437,LA PRADERA,
19,CIUDAD BOLIVAR,URBANO,2438,SIERRA MORENA,
19,CIUDAD BOLIVAR,URBANO,2439,SIERRA MORENA,
19,CIUDAD BOLIVAR,URBANO,2440,SIERRA MORENA,
19,CIUDAD BOLIVAR,URBANO,2441,LOS TRES REYES I,
19,CIUDAD BOLIVAR,URBANO,2442,SANTA VIVIANA,
19,CIUDAD BOLIVAR,URBANO,2443,LA PRIMAVERA I,
19,CIUDAD BOLIVAR,URBANO,2444,SIERRA MORENA II,
19,CIUDAD BOLIVAR,URBANO,2445,CARACOLI,
19,CIUDAD BOLIVAR,URBANO,2446,LOS TRES REYES,
19,CIUDAD BOLIVAR,URBANO,2447,EL MIRADOR DE LA ESTANCIA,
19,CIUDAD BOLIVAR,URBANO,2448,PERDOMO ALTO,
19,CIUDAD BOLIVAR,URBANO,2449,ESPINO I,
19,CIUDAD BOLIVAR,URBANO,2450,PERDOMO ALTO,
19,CIUDAD BOLIVAR,URBANO,2451,SAN ANTONIO DEL MIRADOR,
19,CIUDAD BOLIVAR,URBANO,2453,CIUDAD BOLIVAR,
19,CIUDAD BOLIVAR,URBANO,2455,LA VALVANERA,
19,CIUDAD BOLIVAR,URBANO,2456,QUIBA I,
19,CIUDAD BOLIVAR,URBANO,2460,ARBORIZADORA ALTA I,
19,CIUDAD BOLIVAR,URBANO,2461,ARBORIZADORA ALTA II,
6,TUNJUELITO,URBANO,2501,SAN CARLOS,
19,CIUDAD BOLIVAR,URBANO,2502,MILLAN,
5,USME,URBANO,2503,LA AURORA,
19,CIUDAD BOLIVAR,URBANO,2504,COMPARTIR,
5,USME,URBANO,2505,NUEVO SAN ANDRES,
5,USME,URBANO,2506,GRAN YOMASA,
6,TUNJUELITO,URBANO,2507,ABRAHAM LINCOLN,
6,TUNJUELITO,URBANO,2508,TUNJUELITO,
6,TUNJUELITO,URBANO,2509,SAN BENITO,
18,RAFAEL URIBE URIBE,URBANO,2510,LA PICOTA ORIENTAL,
18,RAFAEL URIBE URIBE,URBANO,2511,LA PICOTA,
6,TUNJUELITO,URBANO,2512,AREA ARTILLERIA,
19,CIUDAD BOLIVAR,URBANO,2513,LAS ACACIAS,
19,CIUDAD BOLIVAR,URBANO,2514,MEISSEN,
19,CIUDAD BOLIVAR,URBANO,2515,SAN FRANCISCO,
19,CIUDAD BOLIVAR,URBANO,2516,MEXICO,
19,CIUDAD BOLIVAR,URBANO,2517,LUCERO DEL SUR,
19,CIUDAD BOLIVAR,URBANO,2518,RONDA,
5,USME,URBANO,2519,DANUBIO,
19,CIUDAD BOLIVAR,URBANO,2520,LAS MANAS,
19,CIUDAD BOLIVAR,URBANO,2521,LUCERO ALTO,
19,CIUDAD BOLIVAR,URBANO,2522,EL MOCHUELO ORIENTAL,
19,CIUDAD BOLIVAR,URBANO,2523,LA ALAMEDA,
5,USME,URBANO,2524,LA ANDREA,
5,USME,URBANO,2525,BARRANQUILLITA,
5,USME,URBANO,2526,SANTA LIBRADA,
5,USME,URBANO,2527,LA CABAÑA,
5,USME,URBANO,2528,SANTA LIBRADA NORTE,
5,USME,URBANO,2529,LA MARICHUELA,
19,CIUDAD BOLIVAR,URBANO,2530,QUIBA,
19,CIUDAD BOLIVAR,URBANO,2531,CANDELARIA LA NUEVA,
19,CIUDAD BOLIVAR,URBANO,2532,QUINTAS DEL SUR,
19,CIUDAD BOLIVAR,URBANO,2533,SOTAVENTO,
19,CIUDAD BOLIVAR,URBANO,2534,CASA DE TEJA,
18,RAFAEL URIBE URIBE,URBANO,2535,PALERMO SUR,
5,USME,URBANO,2536,MONTEBLANCO,
5,USME,URBANO,2537,CHUNIZA,
5,USME,URBANO,2538,USMINIA,
19,CIUDAD BOLIVAR,URBANO,2539,SAN RAFAEL,
19,CIUDAD BOLIVAR,URBANO,2540,ESTRELLA DEL SUR,
5,USME,URBANO,2541,GRANADA SUR,
5,USME,URBANO,2542,SERRANIAS,
5,USME,URBANO,2543,COMUNEROS,
19,CIUDAD BOLIVAR,URBANO,2544,LOS LAURELES II,
19,CIUDAD BOLIVAR,URBANO,2545,EL SATELITE,
19,CIUDAD BOLIVAR,URBANO,2546,NACIONES UNIDAS,
19,CIUDAD BOLIVAR,URBANO,2547,EL TESORO,
5,USME,URBANO,2548,EL VIRREY,
19,CIUDAD BOLIVAR,URBANO,2549,VILLA GLORIA,
5,USME,URBANO,2550,DUITAMA,
5,USME,URBANO,2551,ALASKA,
19,CIUDAD BOLIVAR,URBANO,2552,JUAN PABLO II,
19,CIUDAD BOLIVAR,URBANO,2553,SUMAPAZ,
19,CIUDAD BOLIVAR,URBANO,2554,GIBRALTAR SUR,
5,USME,URBANO,2555,SAN JUAN BAUTISTA,
5,USME,URBANO,2556,DESARROLLO BRAZUELOS I,
19,CIUDAD BOLIVAR,URBANO,2557,JUAN JOSE RONDON,
19,CIUDAD BOLIVAR,URBANO,2558,VILLAS EL DIAMANTE,
19,CIUDAD BOLIVAR,URBANO,2559,LOS ALPES SUR,
19,CIUDAD BOLIVAR,URBANO,2560,BELLAVISTA LUCERO ALTO,
19,CIUDAD BOLIVAR,URBANO,2561,CORDILLERA DEL SUR,
19,CIUDAD BOLIVAR,URBANO,2562,CENTRAL DE MEZCLAS,
5,USME,URBANO,2563,EL PEDREGAL,
19,CIUDAD BOLIVAR,URBANO,2564,EL MINUTO DE MARIA,
19,CIUDAD BOLIVAR,URBANO,2565,PARAISO QUIBA,
18,RAFAEL URIBE URIBE,URBANO,2566,LA PAZ,
19,CIUDAD BOLIVAR,URBANO,2568,ARBORIZADORA ALTA,
19,CIUDAD BOLIVAR,URBANO,2569,ARBORIZADORA ALTA,
19,CIUDAD BOLIVAR,URBANO,2570,EL MIRADOR,
5,USME,URBANO,2571,ANTONIO JOSE DE,
,,,,SUCRE,
5,USME,URBANO,2572,SALAZAR USME,
19,CIUDAD BOLIVAR,URBANO,2573,ARBORIZADORA ALTA,
19,CIUDAD BOLIVAR,URBANO,2574,CEDRITOS DEL SUR,
19,CIUDAD BOLIVAR,URBANO,2575,CERRO COLORADO,
5,USME,URBANO,2576,SERRANIAS I,
5,USME,URBANO,2577,DANUBIO II,
19,CIUDAD BOLIVAR,URBANO,2578,ARABIA,
19,CIUDAD BOLIVAR,URBANO,2579,VILLA CANDELARIA,
19,CIUDAD BOLIVAR,URBANO,2580,BELLA FLOR,
19,CIUDAD BOLIVAR,URBANO,2581,LA TORRE,
19,CIUDAD BOLIVAR,URBANO,2582,BELLA FLOR SUR,
19,CIUDAD BOLIVAR,URBANO,2583,QUIBA URBANO,
19,CIUDAD BOLIVAR,URBANO,2584,EL MOCHUELO,
19,CIUDAD BOLIVAR,URBANO,2585,EL MOCHUELO URBANO,
5,USME,URBANO,2586,YOMASA NORTE,
19,CIUDAD BOLIVAR,URBANO,2587,BRISAS DEL VOLADOR,
19,CIUDAD BOLIVAR,URBANO,2588,EL MOCHUELO III,
,,,,URBANO,
5,USME,URBANO,2589,PORVENIR,
5,USME,URBANO,2590,LA FISCALA,
19,CIUDAD BOLIVAR,URBANO,2591,BRAZUELOS,
,,,,OCCIDENTAL,
5,USME,URBANO,2592,DESARROLLO BRAZUELOS,
5,USME,URBANO,2593,TUNJUELITO,
5,USME,URBANO,2594,VILLA ISRAEL,
19,CIUDAD BOLIVAR,URBANO,2595,LAGUNITAS URBANO,
19,CIUDAD BOLIVAR,URBANO,2596,MOCHUELO ALTO,
5,USME,URBANO,2597,LA FISCALA NORTE,
19,CIUDAD BOLIVAR,URBANO,2598,EL MOCHUELO II,
,,,,URBANO,
5,USME,URBANO,2599,CENTRO USME URBANO,
5,USME,URBANO,2601,ARRAYANES I,
5,USME,URBANO,2602,FISCALA ALTA,
5,USME,URBANO,2604,LOS OLIVARES,
5,USME,URBANO,2605,BOLONIA,
5,USME,URBANO,2606,EL CURUBO,
5,USME,URBANO,2607,LA ESPERANZA SUR,
5,USME,URBANO,2608,EL BOSQUE CENTRAL I,
5,USME,URBANO,2609,EL BOSQUE,
5,USME,URBANO,2610,CHAPINERITO,
5,USME,URBANO,2611,CHARALA,
5,USME,URBANO,2612,LA COMUNA,
5,USME,URBANO,2613,EL PROGRESO USME,
5,USME,URBANO,2614,LA ORQUIDEA DE USME,
5,USME,URBANO,2615,LA ESPERANZA DE,
,,,,USME,
5,USME,URBANO,2616,EL NUEVO PORTAL,
5,USME,URBANO,2617,EL REFUGIO I,
5,USME,URBANO,2618,PUERTA AL LLANO DE,
,,,,USME,
5,USME,URBANO,2619,VILLA ANITA,
5,USME,URBANO,2620,EL NUEVO PORTAL II,
5,USME,URBANO,2621,SAN FELIPE DE USME,
5,USME,URBANO,2622,TOCAIMITA ORIENTAL I,
5,USME,URBANO,2625,ARRAYANES V,
5,USME,URBANO,2626,BOLONIA I,
5,USME,URBANO,2627,LA REFORMA,
5,USME,URBANO,2629,EL NEVADO II,
5,USME,URBANO,2630,EL PORTAL DEL DIVINO,
5,USME,URBANO,2631,EL NEVADO,
5,USME,URBANO,2632,LA REQUILINA,
5,USME,URBANO,2633,LAS VIOLETAS,
5,USME,URBANO,2634,EL TUNO,
5,USME,URBANO,2635,BRISAS DEL LLANO,
5,USME,URBANO,2636,LA HUERTA,
18,RAFAEL URIBE URIBE,URBANO,2637,ARRAYANES VI,
5,USME,URBANO,2640,EL PEDREGAL II,
5,USME,URBANO,2642,EL PORTAL URBANO,
3,SANTA FE,URBANO,3101,LA ALAMEDA,
3,SANTA FE,URBANO,3102,LAS NIEVES,
17,LA CANDELARIA,URBANO,3103,LAS AGUAS,
17,LA CANDELARIA,URBANO,3104,LA CONCORDIA,
17,LA CANDELARIA,URBANO,3105,EGIPTO,
17,LA CANDELARIA,URBANO,3106,CENTRO,
,,,,ADMINISTRATIVO,
3,SANTA FE,URBANO,3107,SANTA INES,
3,SANTA FE,URBANO,3108,LA CAPUCHINA,
3,SANTA FE,URBANO,3109,VERACRUZ,
17,LA CANDELARIA,URBANO,3110,LA CATEDRAL,
3,SANTA FE,URBANO,3201,SAN BERNARDINO,
3,SANTA FE,URBANO,3202,LAS CRUCES,
17,LA CANDELARIA,URBANO,3203,SANTA BARBARA,
17,LA CANDELARIA,URBANO,3204,BELEN,
3,SANTA FE,URBANO,3205,EL GUAVIO,
3,SANTA FE,URBANO,3206,LA PEÑA,
3,SANTA FE,URBANO,3207,LOS LACHES,
3,SANTA FE,URBANO,3208,EL ROCIO,
3,SANTA FE,URBANO,3209,EL DORADO,
3,SANTA FE,URBANO,3210,RAMIREZ,
3,SANTA FE,URBANO,3211,GIRARDOT,
3,SANTA FE,URBANO,3212,LOURDES,
3,SANTA FE,URBANO,3215,SAN FRANCISCO RURAL,
14,LOS MARTIRES,URBANO,4101,RICAURTE,
14,LOS MARTIRES,URBANO,4102,LA SABANA,
14,LOS MARTIRES,URBANO,4103,VOTO NACIONAL,
14,LOS MARTIRES,URBANO,4104,LA ESTANZUELA,
14,LOS MARTIRES,URBANO,4105,EDUARDO SANTOS,
14,LOS MARTIRES,URBANO,4106,EL VERGEL,
14,LOS MARTIRES,URBANO,4107,SANTA ISABEL SUR,
14,LOS MARTIRES,URBANO,4108,SANTA ISABEL,
14,LOS MARTIRES,URBANO,4109,VERAGUAS,
14,LOS MARTIRES,URBANO,4110,LA PEPITA,
14,LOS MARTIRES,URBANO,4111,EL PROGRESO,
16,PUENTE ARANDA,URBANO,4201,PENSILVANIA,
16,PUENTE ARANDA,URBANO,4202,COMUNEROS,
16,PUENTE ARANDA,URBANO,4203,LA ASUNCION,
16,PUENTE ARANDA,URBANO,4204,MONTES,
16,PUENTE ARANDA,URBANO,4205,PRIMAVERA,
,,,,OCCIDENTAL,
16,PUENTE ARANDA,URBANO,4206,SAN FRANCISCO,
16,PUENTE ARANDA,URBANO,4207,GORGONZOLA,
16,PUENTE ARANDA,URBANO,4208,LOS EJIDOS,
16,PUENTE ARANDA,URBANO,4209,SANTA MATILDE,
16,PUENTE ARANDA,URBANO,4210,JORGE GAITAN CORTES,
16,PUENTE ARANDA,URBANO,4211,BOCHICA,
16,PUENTE ARANDA,URBANO,4212,TIBANA,
16,PUENTE ARANDA,URBANO,4301,SAN RAFAEL INDUSTRIAL,
16,PUENTE ARANDA,URBANO,4302,SAN RAFAEL,
16,PUENTE ARANDA,URBANO,4303,BARCELONA,
16,PUENTE ARANDA,URBANO,4304,GALAN,
16,PUENTE ARANDA,URBANO,4305,LA PRADERA,
16,PUENTE ARANDA,URBANO,4306,LA TRINIDAD,
16,PUENTE ARANDA,URBANO,4307,SAN GABRIEL,
16,PUENTE ARANDA,URBANO,4308,COLON,
16,PUENTE ARANDA,URBANO,4309,LA CAMELIA,
16,PUENTE ARANDA,URBANO,4310,PROVIVIENDA NORTE,
8,KENNEDY,URBANO,4316,LAS MARGARITAS,
16,PUENTE ARANDA,URBANO,4317,CAMELIA II,
16,PUENTE ARANDA,URBANO,4401,SAN EUSEBIO,
16,PUENTE ARANDA,URBANO,4402,REMANSO,
16,PUENTE ARANDA,URBANO,4403,AUTOPISTA MUZU,
16,PUENTE ARANDA,URBANO,4404,AUTOPISTA SUR,
16,PUENTE ARANDA,URBANO,4405,OSPINA PEREZ SUR,
16,PUENTE ARANDA,URBANO,4406,OSPINA PEREZ,
16,PUENTE ARANDA,URBANO,4407,ALCALA,
16,PUENTE ARANDA,URBANO,4408,TEJAR,
16,PUENTE ARANDA,URBANO,4409,ALQUERIA,
16,PUENTE ARANDA,URBANO,4412,REMANSO SUR,
16,PUENTE ARANDA,URBANO,4413,AUTOPISTA MUZU ORIENTAL,
8,KENNEDY,URBANO,4501,HIPOTECHO,
8,KENNEDY,URBANO,4502,HIPOTECHO,
,,,,OCCIDENTAL,
8,KENNEDY,URBANO,4503,PROVIVIENDA ORIENTAL,
8,KENNEDY,URBANO,4504,PROVIVIENDA,
8,KENNEDY,URBANO,4505,PROVIVIENDA OCCIDENTAL,
8,KENNEDY,URBANO,4506,LA CAMPIÑA,
8,KENNEDY,URBANO,4507,CIUDAD KENNEDY SUR,
8,KENNEDY,URBANO,4508,CIUDAD KENNEDY OCCIDENTAL,
8,KENNEDY,URBANO,4509,CIUDAD KENNEDY,
8,KENNEDY,URBANO,4510,CIUDAD KENNEDY ORIENTAL,
8,KENNEDY,URBANO,4511,CIUDAD KENNEDY CENTRAL,
8,KENNEDY,URBANO,4512,TIMIZA,
7,BOSA,URBANO,4513,SAN DIEGO-BOSA,
8,KENNEDY,URBANO,4514,CIUDAD KENNEDY NORTE,
8,KENNEDY,URBANO,4515,TUNDAMA,
8,KENNEDY,URBANO,4516,BOITA,
8,KENNEDY,URBANO,4517,JACQUELINE,
8,KENNEDY,URBANO,4518,TIMIZA A,
7,BOSA,URBANO,4519,ESCOCIA,
7,BOSA,URBANO,4520,LA PAZ BOSA,
7,BOSA,URBANO,4521,LA ESTACION BOSA,
7,BOSA,URBANO,4522,BOSA,
7,BOSA,URBANO,4523,JIMENEZ DE QUESADA,
7,BOSA,URBANO,4524,SAN PABLO BOSA,
8,KENNEDY,URBANO,4525,PASTRANA,
7,BOSA,URBANO,4526,BOSA NOVA,
7,BOSA,URBANO,4527,NUEVA GRANADA BOSA,
7,BOSA,URBANO,4528,PASO ANCHO,
7,BOSA,URBANO,4529,CEMENTERIO JARDINES,
,,,,APOGEO,
8,KENNEDY,URBANO,4530,TIMIZA B,
8,KENNEDY,URBANO,4531,MANDALAY,
8,KENNEDY,URBANO,4532,LA CECILIA,
7,BOSA,URBANO,4533,EL RETAZO,
8,KENNEDY,URBANO,4534,ROMA,
8,KENNEDY,URBANO,4535,CLASS,
8,KENNEDY,URBANO,4536,EL RUBI,
8,KENNEDY,URBANO,4537,CASABLANCA,
7,BOSA,URBANO,4538,OLARTE,
7,BOSA,URBANO,4539,GRAN COLOMBIANO,
8,KENNEDY,URBANO,4540,CATALINA II,
8,KENNEDY,URBANO,4541,EL PARAÌSO BOSA,
8,KENNEDY,URBANO,4542,ALQUERIA LA FRAGUA NORTE,
8,KENNEDY,URBANO,4543,ALQUERIA LA FRAGUA,
8,KENNEDY,URBANO,4544,LAS DELICIAS,
8,KENNEDY,URBANO,4545,CATALINA,
7,BOSA,URBANO,4546,VILLA DEL RIO,
8,KENNEDY,URBANO,4547,CORABASTOS,
8,KENNEDY,URBANO,4548,TECHO,
8,KENNEDY,URBANO,4549,NUEVA YORK,
7,BOSA,URBANO,4550,JOSE MARIA CARBONEL,
8,KENNEDY,URBANO,4551,HIPOTECHO SUR,
7,BOSA,URBANO,4552,GUALOCHE,
7,BOSA,URBANO,4553,ANDALUCÌA II,
8,KENNEDY,URBANO,4554,PATIO BONITO,
8,KENNEDY,URBANO,4555,PATIO BONITO II,
8,KENNEDY,URBANO,4556,GRAN BRITALIA I,
8,KENNEDY,URBANO,4557,GRAN BRITALIA,
8,KENNEDY,URBANO,4558,CAMPO HERMOSO,
8,KENNEDY,URBANO,4559,EL CARMELO,
8,KENNEDY,URBANO,4560,SAUCEDAL,
7,BOSA,URBANO,4561,EL JARDIN,
8,KENNEDY,URBANO,4562,LLANO GRANDE,
19,CIUDAD BOLIVAR,URBANO,4563,GUADALUPE,
8,KENNEDY,URBANO,4564,TAIRONA,
8,KENNEDY,URBANO,4565,TOCAREMA,
8,KENNEDY,URBANO,4566,PATIO BONITO III,
7,BOSA,URBANO,4567,VILLAS DEL PROGRESO,
7,BOSA,URBANO,4568,JORGE URIBE BOTERO,
7,BOSA,URBANO,4569,JOSE ANTONIO GALAN,
7,BOSA,URBANO,4570,ANTONIA SANTOS,
7,BOSA,URBANO,4572,CORREDOR FERREO DEL SUR,
7,BOSA,URBANO,4573,CIUDADELA EL RECREO,
7,BOSA,URBANO,4574,CHARLES DE GAULLE,
7,BOSA,URBANO,4575,LOS LAURELES,
8,KENNEDY,URBANO,4576,CASA BLANCA SUR,
7,BOSA,URBANO,4577,SAN BERNARDINO XXII,
,,,,URBANO,
8,KENNEDY,URBANO,4578,VILLA NELLY III SECTOR,
7,BOSA,URBANO,4579,ESCOCIA,
7,BOSA,URBANO,4580,BOSA NOVA EL PORVENIR,
8,KENNEDY,URBANO,4581,TIMIZA C,
8,KENNEDY,URBANO,4582,RENANIA URAPANES,
7,BOSA,URBANO,4583,ARGELIA II,
8,KENNEDY,URBANO,4584,SANTA CATALINA,
7,BOSA,URBANO,4586,JIMENEZ DE QUESADA II,
,,,,SECTOR,
7,BOSA,URBANO,4587,LOS SAUCES,
7,BOSA,URBANO,4588,EL DANUBIO AZUL,
7,BOSA,URBANO,4589,SAN PEDRO,
7,BOSA,URBANO,4590,SAN BERNARDINO XXV URBANO,
7,BOSA,URBANO,4591,EL PORTAL DEL BRASIL,
7,BOSA,URBANO,4592,SAN MARTIN,
7,BOSA,URBANO,4593,LA LIBERTAD,
7,BOSA,URBANO,4594,SAN ANTONIO,
7,BOSA,URBANO,4595,CHICO SUR,
8,KENNEDY,URBANO,4596,ALQUERIA LA FRAGUA II,
7,BOSA,URBANO,4597,SAN BERNARDINO I,
7,BOSA,URBANO,4598,VILLA ANNY I,
7,BOSA,URBANO,4599,VILLA ANNY II,
8,KENNEDY,URBANO,4601,CALANDAIMA,
7,BOSA,URBANO,4602,REMANSO URBANO,
8,KENNEDY,URBANO,4603,EL PARAÌSO,
7,BOSA,URBANO,4604,BRASILIA,
7,BOSA,URBANO,4605,CHICALA,
8,KENNEDY,URBANO,4607,CIUDAD DE CALI,
8,KENNEDY,URBANO,4609,LOS ALMENDROS,
8,KENNEDY,URBANO,4611,EL JAZMÌN,
8,KENNEDY,URBANO,4612,DINDALITO,
8,KENNEDY,URBANO,4613,PROVIVIENDA OCCIDENTAL,
8,KENNEDY,URBANO,4614,DINDALITO,
8,KENNEDY,URBANO,4615,OSORIO XII,
7,BOSA,URBANO,4616,OSORIO X URBANO,
8,KENNEDY,URBANO,4617,TINTALITO,
8,KENNEDY,URBANO,4618,DINTALITO,
8,KENNEDY,URBANO,4619,CHUCUA DE LA VACA III,
8,KENNEDY,URBANO,4620,CHUCUA DE LA VACA II,
8,KENNEDY,URBANO,4621,CHUCUA DE LA VACA I,
7,BOSA,URBANO,4622,BRASIL,
7,BOSA,URBANO,4623,SAN BERNARDINO POTRERITOS,
7,BOSA,URBANO,4624,LA VEGA SAN BERNARDINO,
7,BOSA,URBANO,4625,EL REMANSO I,
8,KENNEDY,URBANO,4626,LAS ACACIAS,
8,KENNEDY,URBANO,4627,GALAN,
7,BOSA,URBANO,4628,BETANIA,
7,BOSA,URBANO,4630,PARCELA EL PORVENIR,
7,BOSA,URBANO,4631,EL CORZO,
7,BOSA,URBANO,4632,LA CABAÑA,
7,BOSA,URBANO,4633,SANTA FE BOSA,
7,BOSA,URBANO,4634,CAÑAVERALEJO,
7,BOSA,URBANO,4635,SAN BERNARDINO II,
7,BOSA,URBANO,4637,LAS MARGARITAS,
7,BOSA,URBANO,4638,CIUDADELA EL RECREO,
,,,,II,
7,BOSA,URBANO,4641,LA INDEPENDENCIA,
7,BOSA,URBANO,4642,ISLANDIA,
7,BOSA,URBANO,4643,EL CORZO I,
12,BARRIOS UNIDOS,URBANO,5101,JOSE JOAQUIN VARGAS,
12,BARRIOS UNIDOS,URBANO,5102,POPULAR MODELO,
12,BARRIOS UNIDOS,URBANO,5103,SAN MIGUEL,
12,BARRIOS UNIDOS,URBANO,5104,EL ROSARIO,
13,TEUSAQUILLO,URBANO,5105,CAMPIN OCCIDENTAL,
13,TEUSAQUILLO,URBANO,5106,NICOLAS DE FEDERMAN,
13,TEUSAQUILLO,URBANO,5107,ACEVEDO TEJADA,
13,TEUSAQUILLO,URBANO,5108,CIUDAD UNIVERSITARIA,
13,TEUSAQUILLO,URBANO,5109,CENTRO,
,,,,ADMINISTRATIVO OCC.,
13,TEUSAQUILLO,URBANO,5110,EL SALITRE,
13,TEUSAQUILLO,URBANO,5111,LA ESMERALDA,
12,BARRIOS UNIDOS,URBANO,5112,PARQUE DISTRITAL SALITRE,
13,TEUSAQUILLO,URBANO,5113,PAULO VI,
13,TEUSAQUILLO,URBANO,5114,CAMPO EUCARISTICO,
12,BARRIOS UNIDOS,URBANO,5115,PARQUE POPULAR SALITRE,
13,TEUSAQUILLO,URBANO,5116,PABLO VI NORTE,
13,TEUSAQUILLO,URBANO,5117,RAFAEL NUÑEZ,
12,BARRIOS UNIDOS,URBANO,5201,JORGE ELIECER GAITAN,
12,BARRIOS UNIDOS,URBANO,5202,DOCE DE OCTUBRE,
12,BARRIOS UNIDOS,URBANO,5203,SAN FERNANDO,
12,BARRIOS UNIDOS,URBANO,5204,SAN FERNANDO OCCIDENTAL,
12,BARRIOS UNIDOS,URBANO,5205,SIMON BOLIVAR,
12,BARRIOS UNIDOS,URBANO,5206,LA LIBERTAD,
12,BARRIOS UNIDOS,URBANO,5207,METROPOLIS,
12,BARRIOS UNIDOS,URBANO,5304,LA CASTELLANA,
12,BARRIOS UNIDOS,URBANO,5305,LA PATRIA,
12,BARRIOS UNIDOS,URBANO,5306,ENTRE RIOS,
12,BARRIOS UNIDOS,URBANO,5307,LOS ANDES,
12,BARRIOS UNIDOS,URBANO,5308,RIONEGRO,
12,BARRIOS UNIDOS,URBANO,5310,ESCUELA MILITAR,
11,SUBA,URBANO,5401,POTOSI,
11,SUBA,URBANO,5402,SANTA ROSA,
11,SUBA,URBANO,5403,JULIO FLOREZ,
10,ENGATIVA,URBANO,5404,LAS FERIAS,
10,ENGATIVA,URBANO,5405,LAS FERIAS,
,,,,OCCIDENTAL,
10,ENGATIVA,URBANO,5406,BONANZA,
10,ENGATIVA,URBANO,5501,PALO BLANCO,
10,ENGATIVA,URBANO,5502,LA ESTRADA,
10,ENGATIVA,URBANO,5503,BELLAVISTA,
,,,,OCCIDENTAL,
10,ENGATIVA,URBANO,5504,LA ESTRADITA,
10,ENGATIVA,URBANO,5505,BOSQUE POPULAR,
10,ENGATIVA,URBANO,5506,JARDIN BOTANICO,
10,ENGATIVA,URBANO,5507,NORMANDIA,
10,ENGATIVA,URBANO,5508,LA CABAÑA,
10,ENGATIVA,URBANO,5509,SAN JOAQUIN,
10,ENGATIVA,URBANO,5510,EL LAUREL,
10,ENGATIVA,URBANO,5601,EL MINUTO DE DIOS,
10,ENGATIVA,URBANO,5602,SANTA MARIA,
10,ENGATIVA,URBANO,5603,BOYACA,
10,ENGATIVA,URBANO,5604,EL REAL,
10,ENGATIVA,URBANO,5605,EL ENCANTO,
10,ENGATIVA,URBANO,5606,NORMANDIA,
,,,,OCCIDENTAL,
10,ENGATIVA,URBANO,5607,SAN IGNACIO,
10,ENGATIVA,URBANO,5608,SANTA HELENITA,
10,ENGATIVA,URBANO,5609,TABORA,
10,ENGATIVA,URBANO,5610,LA GRANJA,
10,ENGATIVA,URBANO,5611,AUTOPISTA MEDELLIN,
10,ENGATIVA,URBANO,5612,PARIS GAITAN,
10,ENGATIVA,URBANO,5613,LA SERENA,
10,ENGATIVA,URBANO,5614,VILLA LUZ,
10,ENGATIVA,URBANO,5615,LA SOLEDAD NORTE,
10,ENGATIVA,URBANO,5616,LOS CEREZOS,
10,ENGATIVA,URBANO,5617,PRIMAVERA,
10,ENGATIVA,URBANO,5619,PARIS,
10,ENGATIVA,URBANO,5620,FLORENCIA,
10,ENGATIVA,URBANO,5621,FLORIDA BLANCA,
10,ENGATIVA,URBANO,5622,BOLIVIA,
10,ENGATIVA,URBANO,5623,LOS ANGELES,
9,FONTIBON,URBANO,5624,AEROPUERTO EL DORADO,
10,ENGATIVA,URBANO,5625,LOS ALAMOS,
10,ENGATIVA,URBANO,5626,LOS ALAMOS,
10,ENGATIVA,URBANO,5627,GARCES NAVAS,
10,ENGATIVA,URBANO,5628,GARCES NAVAS ORIENTAL,
10,ENGATIVA,URBANO,5629,EL CEDRO,
10,ENGATIVA,URBANO,5630,CIUDAD BACHUE,
10,ENGATIVA,URBANO,5631,CIUDAD BACHUE I ETAPA,
10,ENGATIVA,URBANO,5632,BOCHICA,
10,ENGATIVA,URBANO,5634,EL CORTIJO,
10,ENGATIVA,URBANO,5635,EL MADRIGAL,
10,ENGATIVA,URBANO,5636,ENGATIVA ZONA URBANA,
10,ENGATIVA,URBANO,5637,VILLA GLADYS,
10,ENGATIVA,URBANO,5638,SANTA CECILIA,
10,ENGATIVA,URBANO,5639,QUIRIGUA ORIENTAL,
10,ENGATIVA,URBANO,5640,BOLIVIA ORIENTAL,
10,ENGATIVA,URBANO,5641,SANTA MONICA,
10,ENGATIVA,URBANO,5643,ALAMOS,
10,ENGATIVA,URBANO,5644,BOCHICA II,
10,ENGATIVA,URBANO,5647,VILLAS DE GRANADA,
10,ENGATIVA,URBANO,5648,VILLA AMALIA,
10,ENGATIVA,URBANO,5649,VILLAS DE GRANADA I,
10,ENGATIVA,URBANO,5650,CIUDADELA,
,,,,COLSUBSIDIO,
10,ENGATIVA,URBANO,5652,EL MUELLE,
10,ENGATIVA,URBANO,5654,GRAN GRANADA,
10,ENGATIVA,URBANO,5655,GARCES NAVAS SUR,
10,ENGATIVA,URBANO,5657,SABANA DEL DORADO,
10,ENGATIVA,URBANO,5658,VILLA SAGRARIO,
10,ENGATIVA,URBANO,5660,SAN ANTONIO URBANO,
10,ENGATIVA,URBANO,5661,LUIS CARLOS GALAN,
10,ENGATIVA,URBANO,5662,EL CEDRO,
10,ENGATIVA,URBANO,5663,EL DORADO INDUSTRIAL,
10,ENGATIVA,URBANO,5664,EL DORADO,
10,ENGATIVA,URBANO,5665,MARANDU,
10,ENGATIVA,URBANO,5666,LA FAENA,
10,ENGATIVA,URBANO,5667,CENTRO ENGATIVA II,
10,ENGATIVA,URBANO,5668,VILLAS DE ALCALA,
10,ENGATIVA,URBANO,5669,EL GACO,
10,ENGATIVA,URBANO,5670,LA RIVIERA,
9,FONTIBON,URBANO,5672,LAS NAVETAS,
9,FONTIBON,URBANO,5673,PUEBLO VIEJO,
10,ENGATIVA,URBANO,5675,BOLIVIA,
10,ENGATIVA,URBANO,5679,SAN ANTONIO ENGATIVA,
10,ENGATIVA,URBANO,5680,VILLA DEL MAR,
10,ENGATIVA,URBANO,5682,CIUDAD BACHUE II,
10,ENGATIVA,URBANO,5683,QUIRIGUA I,
10,ENGATIVA,URBANO,5684,QUIRIGUA II,
14,LOS MARTIRES,URBANO,6101,FLORIDA,
14,LOS MARTIRES,URBANO,6103,SANTA FE,
14,LOS MARTIRES,URBANO,6104,LA FAVORITA,
14,LOS MARTIRES,URBANO,6105,SAN VICTORINO,
14,LOS MARTIRES,URBANO,6106,EL LISTON,
14,LOS MARTIRES,URBANO,6107,PALOQUEMAO,
14,LOS MARTIRES,URBANO,6108,SAMPER MENDOZA,
14,LOS MARTIRES,URBANO,6109,COLSEGUROS,
14,LOS MARTIRES,URBANO,6110,USATAMA,
13,TEUSAQUILLO,URBANO,6201,EL RECUERDO,
13,TEUSAQUILLO,URBANO,6202,GRAN AMERICA,
16,PUENTE ARANDA,URBANO,6203,LA FLORIDA,
,,,,OCCIDENTAL,
16,PUENTE ARANDA,URBANO,6204,ESTACION CENTRAL,
16,PUENTE ARANDA,URBANO,6205,INDUSTRIAL,
,,,,CENTENARIO,
16,PUENTE ARANDA,URBANO,6206,EL EJIDO,
16,PUENTE ARANDA,URBANO,6207,BATALLON CALDAS,
16,PUENTE ARANDA,URBANO,6208,ORTEZAL,
13,TEUSAQUILLO,URBANO,6209,QUINTA PAREDES,
13,TEUSAQUILLO,URBANO,6210,CENTRO NARIÑO,
16,PUENTE ARANDA,URBANO,6211,CUNDINAMARCA,
16,PUENTE ARANDA,URBANO,6212,SALAZAR GOMEZ,
16,PUENTE ARANDA,URBANO,6215,PUENTE ARANDA,
13,TEUSAQUILLO,URBANO,6216,CIUDAD SALITRE NORORIENTAL,
13,TEUSAQUILLO,URBANO,6217,CIUDAD SALITRE SURORIENTAL,
16,PUENTE ARANDA,URBANO,6218,CENTRO INDUSTRIAL,
9,FONTIBON,URBANO,6301,SANTA CECILIA,
9,FONTIBON,URBANO,6302,CAPELLANIA,
9,FONTIBON,URBANO,6303,LA ESPERANZA NORTE,
9,FONTIBON,URBANO,6306,GRANJAS DE TECHO,
9,FONTIBON,URBANO,6307,MONTEVIDEO,
9,FONTIBON,URBANO,6308,FRANCO,
9,FONTIBON,URBANO,6311,MODELIA,
9,FONTIBON,URBANO,6312,MODELIA OCCIDENTAL,
9,FONTIBON,URBANO,6313,SALITRE OCCIDENTAL,
9,FONTIBON,URBANO,6315,LA ESPERANZA SUR,
9,FONTIBON,URBANO,6316,BOSQUE DE MODELIA,
9,FONTIBON,URBANO,6319,TERMINAL DE,
,,,,TRANSPORTES,
9,FONTIBON,URBANO,6320,CIUDAD HAYUELOS,
9,FONTIBON,URBANO,6401,VERSALLES FONTIBON,
9,FONTIBON,URBANO,6402,LA CABAÑA FONTIBON,
9,FONTIBON,URBANO,6403,SAN JOSE DE FONTIBON,
9,FONTIBON,URBANO,6404,PUERTA DE TEJA,
9,FONTIBON,URBANO,6405,FERROCAJA FONTIBÒN,
9,FONTIBON,URBANO,6406,VILLEMAR,
9,FONTIBON,URBANO,6407,GUADUAL FONTIBON,
9,FONTIBON,URBANO,6408,EL CARMEN FONTIBON,
9,FONTIBON,URBANO,6409,BELEN FONTIBON,
9,FONTIBON,URBANO,6410,CENTRO FONTIBON,
9,FONTIBON,URBANO,6411,CHARCO URBANO,
9,FONTIBON,URBANO,6413,SAN PABLO JERICO,
9,FONTIBON,URBANO,6414,BRISAS ALDEA FONTIBON,
9,FONTIBON,URBANO,6415,LA LAGUNA FONTIBON,
9,FONTIBON,URBANO,6416,ATAHUALPA,
9,FONTIBON,URBANO,6417,VILLA CARMENZA,
9,FONTIBON,URBANO,6418,PUENTE GRANDE,
9,FONTIBON,URBANO,6419,EL REFUGIO,
9,FONTIBON,URBANO,6420,LA GIRALDA,
9,FONTIBON,URBANO,6423,EL TINTAL CENTRAL,
8,KENNEDY,URBANO,6501,COOPERATIVA DE SUBOFICIALES,
8,KENNEDY,URBANO,6502,MARSELLA,
8,KENNEDY,URBANO,6503,VISION DE ORIENTE,
8,KENNEDY,URBANO,6504,BAVARIA,
8,KENNEDY,URBANO,6505,PIO XII,
8,KENNEDY,URBANO,6506,CASTILLA,
8,KENNEDY,URBANO,6507,NUEVO TECHO,
8,KENNEDY,URBANO,6508,LAS DOS AVENIDAS,
8,KENNEDY,URBANO,6509,LUSITANIA,
8,KENNEDY,URBANO,6510,VILLA ALSACIA II,
8,KENNEDY,URBANO,6511,LA PAMPA,
8,KENNEDY,URBANO,6512,VILLA ALSACIA,
8,KENNEDY,URBANO,6514,VERGEL OCCIDENTAL,
8,KENNEDY,URBANO,6515,VALLADOLID,
8,KENNEDY,URBANO,6516,TINTALA,
8,KENNEDY,URBANO,6517,MARIA PAZ,
8,KENNEDY,URBANO,6518,OSORIO III,
9,FONTIBON,URBANO,6519,MORAVIA,
9,FONTIBON,URBANO,6520,ZONA FRANCA,
9,FONTIBON,URBANO,6521,SABANA GRANDE,
9,FONTIBON,URBANO,6522,EL TINTAL II,
9,FONTIBON,URBANO,6523,SAN PEDRO DE LOS ROBLES,
8,KENNEDY,URBANO,6524,LA MAGDALENA,
9,FONTIBON,URBANO,6525,EL CHANCO I,
9,FONTIBON,URBANO,6527,INTERINDUSTRIAL,
8,KENNEDY,URBANO,6528,EL VERGEL,
8,KENNEDY,URBANO,6529,EL VERGEL ORIENTAL,
8,KENNEDY,URBANO,6531,CIUDAD TECHO II,
9,FONTIBON,URBANO,6532,KASANDRA,
8,KENNEDY,URBANO,6533,EL TINTAL III,
8,KENNEDY,URBANO,6534,EL TINTAL IV,
13,TEUSAQUILLO,URBANO,7101,LA SOLEDAD,
13,TEUSAQUILLO,URBANO,7102,SANTA TERESITA,
13,TEUSAQUILLO,URBANO,7103,LA MAGDALENA,
13,TEUSAQUILLO,URBANO,7104,TEUSAQUILLO,
13,TEUSAQUILLO,URBANO,7105,ARMENIA,
13,TEUSAQUILLO,URBANO,7106,ESTRELLA,
13,TEUSAQUILLO,URBANO,7107,LAS AMERICAS,
13,TEUSAQUILLO,URBANO,7201,CAMPIN,
13,TEUSAQUILLO,URBANO,7202,SAN LUIS,
13,TEUSAQUILLO,URBANO,7203,CHAPINERO,
,,,,OCCIDENTAL,
13,TEUSAQUILLO,URBANO,7204,QUESADA,
13,TEUSAQUILLO,URBANO,7205,PALERMO,
13,TEUSAQUILLO,URBANO,7206,BELALCAZAR,
13,TEUSAQUILLO,URBANO,7207,GALERIAS,
13,TEUSAQUILLO,URBANO,7208,BANCO CENTRAL,
13,TEUSAQUILLO,URBANO,7209,ALFONSO LOPEZ,
12,BARRIOS UNIDOS,URBANO,7301,LA MERCED NORTE,
12,BARRIOS UNIDOS,URBANO,7302,ALCAZARES,
12,BARRIOS UNIDOS,URBANO,7303,COLOMBIA,
12,BARRIOS UNIDOS,URBANO,7304,CONCEPCION NORTE,
12,BARRIOS UNIDOS,URBANO,7305,LA ESPERANZA,
12,BARRIOS UNIDOS,URBANO,7306,BAQUERO,
12,BARRIOS UNIDOS,URBANO,7307,MUEQUETA,
12,BARRIOS UNIDOS,URBANO,7308,QUINTA MUTIS,
12,BARRIOS UNIDOS,URBANO,7309,BENJAMIN HERRERA,
12,BARRIOS UNIDOS,URBANO,7310,LA PAZ,
12,BARRIOS UNIDOS,URBANO,7311,SIETE DE AGOSTO,
12,BARRIOS UNIDOS,URBANO,7312,RAFAEL URIBE,
12,BARRIOS UNIDOS,URBANO,7401,POLO CLUB,
12,BARRIOS UNIDOS,URBANO,7402,JUAN XXIII,
12,BARRIOS UNIDOS,URBANO,7403,SAN FELIPE,
12,BARRIOS UNIDOS,URBANO,7404,ALCAZARES NORTE,
12,BARRIOS UNIDOS,URBANO,7405,ONCE DE NOVIEMBRE,
12,BARRIOS UNIDOS,URBANO,7406,SANTA SOFIA,
12,BARRIOS UNIDOS,URBANO,7407,LA AURORA,
3,SANTA FE,URBANO,8101,SAGRADO CORAZON,
3,SANTA FE,URBANO,8102,PARQUE NACIONAL,
3,SANTA FE,URBANO,8103,LA MERCED,
3,SANTA FE,URBANO,8104,LA PERSEVERANCIA,
3,SANTA FE,URBANO,8105,LA MACARENA,
3,SANTA FE,URBANO,8106,BOSQUE IZQUIERDO,
3,SANTA FE,URBANO,8107,SAN DIEGO,
3,SANTA FE,URBANO,8108,SAMPER,
3,SANTA FE,URBANO,8109,SAN MARTIN,
2,CHAPINERO,URBANO,8110,EL PARAÌSO,
2,CHAPINERO,URBANO,8111,CATALUÑA,
2,CHAPINERO,URBANO,8112,SUCRE,
3,SANTA FE,URBANO,8114,PARQUE NACIONAL URBANO,
2,CHAPINERO,URBANO,8201,QUINTA CAMACHO,
2,CHAPINERO,URBANO,8202,EMAUS,
2,CHAPINERO,URBANO,8203,LAS ACACIAS,
2,CHAPINERO,URBANO,8204,GRANADA,
2,CHAPINERO,URBANO,8205,MARIA CRISTINA,
2,CHAPINERO,URBANO,8206,LA SALLE,
2,CHAPINERO,URBANO,8207,BOSQUE CALDERON,
2,CHAPINERO,URBANO,8208,PARDO RUBIO,
2,CHAPINERO,URBANO,8211,JUAN XXIII,
2,CHAPINERO,URBANO,8212,MARLY,
2,CHAPINERO,URBANO,8213,CHAPINERO CENTRAL,
2,CHAPINERO,URBANO,8214,CHAPINERO NORTE,
2,CHAPINERO,URBANO,8215,INGEMAR,
2,CHAPINERO,URBANO,8220,SIBERIA CENTRAL,
2,CHAPINERO,URBANO,8221,SIBERIA URBANO,
2,CHAPINERO,URBANO,8301,CHICO NORTE II,
,,,,SECTOR,
2,CHAPINERO,URBANO,8302,SEMINARIO,
2,CHAPINERO,URBANO,8303,EL REFUGIO,
2,CHAPINERO,URBANO,8304,LOS ROSALES,
2,CHAPINERO,URBANO,8305,BELLAVISTA,
2,CHAPINERO,URBANO,8306,PORCIUNCULA,
2,CHAPINERO,URBANO,8307,CHICO NORTE,
2,CHAPINERO,URBANO,8308,EL CHICO,
2,CHAPINERO,URBANO,8309,LA CABRERA,
2,CHAPINERO,URBANO,8310,EL RETIRO,
2,CHAPINERO,URBANO,8311,EL NOGAL,
2,CHAPINERO,URBANO,8312,ESPARTILLAL,
2,CHAPINERO,URBANO,8313,LAGO GAITAN,
2,CHAPINERO,URBANO,8314,ANTIGUO COUNTRY,
2,CHAPINERO,URBANO,8315,CHICO NORTE III,
,,,,SECTOR,
2,CHAPINERO,URBANO,8319,EL BAGAZAL,
1,USAQUEN,URBANO,8401,LA CALLEJA,
1,USAQUEN,URBANO,8402,COUNTRY CLUB,
1,USAQUEN,URBANO,8403,LA CAROLINA,
1,USAQUEN,URBANO,8404,BELLA SUIZA,
1,USAQUEN,URBANO,8405,GINEBRA,
1,USAQUEN,URBANO,8406,SAN GABRIEL NORTE,
1,USAQUEN,URBANO,8407,USAQUEN,
1,USAQUEN,URBANO,8408,SANTA ANA,
1,USAQUEN,URBANO,8409,ESCUELA DE,
,,,,CABALLERIA I,
1,USAQUEN,URBANO,8410,ESCUELA DE INFANTERIA,
1,USAQUEN,URBANO,8411,RINCON DEL CHICO,
1,USAQUEN,URBANO,8412,SANTA BIBIANA,
1,USAQUEN,URBANO,8413,SANTA BARBARA ORIENTAL,
1,USAQUEN,URBANO,8414,SANTA ANA,
,,,,OCCIDENTAL,
1,USAQUEN,URBANO,8415,SANTA BARBARA CENTRAL,
1,USAQUEN,URBANO,8416,MOLINOS NORTE,
1,USAQUEN,URBANO,8417,SANTA BARBARA OCCIDENTAL,
1,USAQUEN,URBANO,8418,SAN PATRICIO,
1,USAQUEN,URBANO,8419,ESCUELA DE,
,,,,CABALLERÌA II,
1,USAQUEN,URBANO,8420,PARAMO URBANO I,
1,USAQUEN,URBANO,8424,SEGUNDO CONTADOR,
1,USAQUEN,URBANO,8425,GINEBRA II,
1,USAQUEN,URBANO,8426,SAN GABRIEL NORTE II,
1,USAQUEN,URBANO,8501,EL TOBERIN,
1,USAQUEN,URBANO,8502,LA PRADERA NORTE,
1,USAQUEN,URBANO,8503,SANTA TERESA,
1,USAQUEN,URBANO,8504,LA CITA,
1,USAQUEN,URBANO,8505,SAN CRISTOBAL NORTE,
1,USAQUEN,URBANO,8506,BARRANCAS NORTE,
1,USAQUEN,URBANO,8507,BARRANCAS,
1,USAQUEN,URBANO,8508,CEDRO SALAZAR,
1,USAQUEN,URBANO,8509,LOS CEDROS ORIENTAL,
1,USAQUEN,URBANO,8510,ACACIAS USAQUÈN,
1,USAQUEN,URBANO,8511,CEDRO NARVAEZ,
1,USAQUEN,URBANO,8512,CEDRITOS,
1,USAQUEN,URBANO,8513,LISBOA,
1,USAQUEN,URBANO,8514,EL CONTADOR,
1,USAQUEN,URBANO,8515,LOS CEDROS,
1,USAQUEN,URBANO,8516,LAS ORQUIDEAS,
1,USAQUEN,URBANO,8517,LA LIBERIA,
1,USAQUEN,URBANO,8518,CAOBOS SALAZAR,
1,USAQUEN,URBANO,8519,ESTRELLA DEL NORTE,
1,USAQUEN,URBANO,8520,BOSQUE DE PINOS,
1,USAQUEN,URBANO,8521,TIBABITA,
1,USAQUEN,URBANO,8522,EL ROCIO NORTE,
1,USAQUEN,URBANO,8523,SAN ANTONIO NORTE,
1,USAQUEN,URBANO,8524,LA GRANJA NORTE,
1,USAQUEN,URBANO,8525,LA URIBE,
1,USAQUEN,URBANO,8526,EL VERVENAL,
1,USAQUEN,URBANO,8527,EL CEREZO,
1,USAQUEN,URBANO,8528,SAN ANTONIO,
,,,,NOROCCIDENTAL,
1,USAQUEN,URBANO,8529,SAN JOSÈ DE USAQUEN,
1,USAQUEN,URBANO,8530,LAS MARGARITAS,
1,USAQUEN,URBANO,8532,EL REDIL,
1,USAQUEN,URBANO,8533,HORIZONTES NORTE,
1,USAQUEN,URBANO,8535,BUENAVISTA,
1,USAQUEN,URBANO,8536,BOSQUE DE PINOS I,
1,USAQUEN,URBANO,8537,VERBENAL SAN ANTONIO,
1,USAQUEN,URBANO,8538,BOSQUE DE PINOS III,
1,USAQUEN,URBANO,8539,TORCA I,
1,USAQUEN,URBANO,8540,LA ESTRELLITA I,
1,USAQUEN,URBANO,8542,TIBABITA I,
1,USAQUEN,URBANO,8543,SANTA CECILIA PUENTE,
,,,,NORTE,
1,USAQUEN,URBANO,8544,CANAIMA,
1,USAQUEN,URBANO,8545,MIRADOR DEL NORTE,
1,USAQUEN,URBANO,8547,LA ESTRELLITA III,
11,SUBA,URBANO,9101,GRANADA NORTE,
11,SUBA,URBANO,9102,BRITALIA,
11,SUBA,URBANO,9103,CANTAGALLO,
11,SUBA,URBANO,9104,VICTORIA NORTE,
11,SUBA,URBANO,9105,PRADO PINZON,
11,SUBA,URBANO,9106,SAN JOSE DEL PRADO,
11,SUBA,URBANO,9107,PRADO VERANIEGO,
11,SUBA,URBANO,9108,CIUDAD JARDIN NORTE,
11,SUBA,URBANO,9109,NIZA SUR,
11,SUBA,URBANO,9110,MAZUREN,
11,SUBA,URBANO,9111,MONACO,
11,SUBA,URBANO,9112,NIZA SUBA,
11,SUBA,URBANO,9113,SAN JOSE DE BAVARIA,
11,SUBA,URBANO,9114,GILMAR,
11,SUBA,URBANO,9115,IBERIA,
11,SUBA,URBANO,9116,PRADO VERANIEGO NORTE,
11,SUBA,URBANO,9117,PRADO VERANIEGO SUR,
11,SUBA,URBANO,9118,BATAN,
11,SUBA,URBANO,9119,ATENAS,
11,SUBA,URBANO,9120,NUEVA ZELANDIA,
11,SUBA,URBANO,9121,CLUB DE LOS LAGARTOS,
11,SUBA,URBANO,9122,LAS VILLAS,
11,SUBA,URBANO,9123,NIZA NORTE,
11,SUBA,URBANO,9124,PUENTE LARGO,
11,SUBA,URBANO,9125,PASADENA,
11,SUBA,URBANO,9126,ESTORIL,
11,SUBA,URBANO,9127,ANDES NORTE,
11,SUBA,URBANO,9128,EL PLAN,
11,SUBA,URBANO,9129,VILLA DEL PRADO,
11,SUBA,URBANO,9130,CANODROMO,
11,SUBA,URBANO,9131,SANTA HELENA,
11,SUBA,URBANO,9132,ESCUELA DE,
,,,,CARABINEROS,
11,SUBA,URBANO,9133,MIRANDELA,
11,SUBA,URBANO,9134,SAN JOSE V SECTOR,
11,SUBA,URBANO,9135,PORTALES DEL NORTE,
11,SUBA,URBANO,9136,CASABLANCA SUBA URBANO,
11,SUBA,URBANO,9138,CASABLANCA SUBA URBANO I,
11,SUBA,URBANO,9139,CASABLANCA SUBA URBANO II,
11,SUBA,URBANO,9140,NUESTRA SEÑORA DEL ROSARIO,
11,SUBA,URBANO,9141,LA CANDELARIA,
11,SUBA,URBANO,9142,CONEJERA,
11,SUBA,URBANO,9201,LOS NARANJOS,
11,SUBA,URBANO,9202,EL RINCON,
11,SUBA,URBANO,9203,PUERTA DEL SOL,
11,SUBA,URBANO,9204,EL RINCON NORTE,
11,SUBA,URBANO,9205,AURES,
11,SUBA,URBANO,9206,AURES II,
11,SUBA,URBANO,9207,VILLA ELISA,
11,SUBA,URBANO,9208,COSTA AZUL,
11,SUBA,URBANO,9209,VILLA MARÌA,
11,SUBA,URBANO,9210,LAS FLORES,
11,SUBA,URBANO,9211,EL POA,
11,SUBA,URBANO,9212,SUBA URBANO,
11,SUBA,URBANO,9213,EL PINO,
11,SUBA,URBANO,9214,TUNA ALTA,
11,SUBA,URBANO,9215,CASABLANCA SUBA,
11,SUBA,URBANO,9216,LA GAITANA,
11,SUBA,URBANO,9217,RINCON DE SANTA INES,
11,SUBA,URBANO,9218,ALMIRANTE COLÒN,
11,SUBA,URBANO,9219,CAMPANELLA,
11,SUBA,URBANO,9220,LAGO DE SUBA,
11,SUBA,URBANO,9221,LA CHUCUA,
11,SUBA,URBANO,9222,ALTOS DE CHOZICA,
11,SUBA,URBANO,9223,TTES DE COLOMBIA,
11,SUBA,URBANO,9224,NUEVA TIBABUYES,
11,SUBA,URBANO,9225,TIBABUYES UNIVERSAL,
11,SUBA,URBANO,9226,SALITRE SUBA,
11,SUBA,URBANO,9227,LECH WALESA,
11,SUBA,URBANO,9228,LOMBARDIA,
11,SUBA,URBANO,9229,TOSCANA,
11,SUBA,URBANO,9230,SAN CAYETANO,
11,SUBA,URBANO,9231,SUBA CERROS,
11,SUBA,URBANO,9232,SABANA DE TIBABUYES,
11,SUBA,URBANO,9233,TIBABUYES,
11,SUBA,URBANO,9234,SABANA DE TIBABUYES NORTE,
11,SUBA,URBANO,9235,CIUDAD HUNZA,
11,SUBA,URBANO,9236,LA CAROLINA DE SUBA,
11,SUBA,URBANO,9237,RINCON DE SUBA,
11,SUBA,URBANO,9238,SANTA TERESA DE SUBA,
11,SUBA,URBANO,9239,LAS MERCEDES SUBA,
11,SUBA,URBANO,9240,POTRERILLO,
11,SUBA,URBANO,9241,BOSQUES DE SAN JORGE,
11,SUBA,URBANO,9242,TUNA BAJA,
11,SUBA,URBANO,9243,LAS MERCEDES I,
11,SUBA,URBANO,9244,VILLA HERMOSA,
11,SUBA,URBANO,9245,PINOS DE LOMBARDIA,
11,SUBA,URBANO,9246,DELMONTE,
11,SUBA,URBANO,9247,IRAGUA,
11,SUBA,URBANO,9248,TIBABUYES II,
11,SUBA,URBANO,9249,VEREDA SUBA NARANJOS,
11,SUBA,URBANO,9250,TIBABUYES,
,,,,OCCIDENTAL,
11,SUBA,URBANO,9251,SAN CARLOS DE SUBA,
11,SUBA,URBANO,9252,BILBAO,
11,SUBA,URBANO,9253,SAN PEDRO,
11,SUBA,URBANO,9254,LISBOA,
11,SUBA,URBANO,9255,SANTA RITA DE SUBA,
11,SUBA,URBANO,9256,SANTA CECILIA,
11,SUBA,URBANO,9257,TIBABUYES,
11,SUBA,URBANO,9258,CASA BLANCA SUBA I,
11,SUBA,URBANO,9259,BERLIN,
11,SUBA,URBANO,9260,ALTOS DE SUBA,
11,SUBA,URBANO,9261,TUNA,
11,SUBA,URBANO,9262,LA GAITANA ORIENTAL,
11,SUBA,URBANO,9263,VILLA ALCAZAR,
11,SUBA,URBANO,9265,VEREDA SUBA CERROS,
,,,,II,
11,SUBA,URBANO,9266,RINCON ALTAMAR,
11,SUBA,URBANO,9267,VILLA MARIA I,
2,CHAPINERO,RURAL,101101,EL BAGAZAL,
2,CHAPINERO,RURAL,101103,INGEMAR ORIENTAL RURAL,
2,CHAPINERO,RURAL,101110,PARAMO I RURAL,
3,SANTA FE,RURAL,101201,HOYA TEUSACA,
4,SAN CRISTOBAL,RURAL,101301,HOYA SAN CRISTOBAL,
4,SAN CRISTOBAL,RURAL,101302,MOLINO RURAL,
5,USME,RURAL,101306,TIBAQUE,
5,USME,RURAL,101307,TIHUAQUE RURAL,
4,SAN CRISTOBAL,RURAL,101308,CHIGUAZA RURAL,
4,SAN CRISTOBAL,RURAL,101309,LA ARBOLEDA RURAL,
4,SAN CRISTOBAL,RURAL,101405,PARQUE NACIONAL ORIENTAL,
2,CHAPINERO,RURAL,101502,SIBERIA,
5,USME,RURAL,102110,EL PORVENIR DE LOS,
,,,,SOCHES,
5,USME,RURAL,102111,LOS ARRAYANES,
5,USME,RURAL,102112,EL HATO,
5,USME,RURAL,102113,LAS MARGARITAS,
5,USME,RURAL,102114,LOS ANDES,
5,USME,RURAL,102115,LA UNION,
5,USME,RURAL,102116,CHISACA,
5,USME,RURAL,102118,LAS VIOLETAS RURAL,
5,USME,RURAL,102122,LA REQUILINA RURAL,
5,USME,RURAL,102211,LILIANA,
5,USME,RURAL,102309,EL BOSQUE SUR,
,,,,ORIENTAL RURAL II,
5,USME,RURAL,102310,EL BOSQUE SUR,
,,,,ORIENTAL RURAL I,
5,USME,RURAL,102312,CIUDAD LONDRES RURAL,
5,USME,RURAL,102401,LOS ARRAYANES,
5,USME,RURAL,102405,PEPINITOS,
5,USME,RURAL,102406,EL BOSQUE CENTRAL,
5,USME,RURAL,102407,TIBAQUE SUR,
5,USME,RURAL,102412,TOCAIMITA SUR,
5,USME,RURAL,102502,EL UVAL RURAL,
5,USME,RURAL,102506,PORTAL RURAL II,
5,USME,RURAL,102601,CENTRO USME RURAL,
5,USME,RURAL,102602,CENTRO USME RURAL I,
5,USME,RURAL,102603,CENTRO USME RURAL II,
5,USME,RURAL,102604,LA REQUILINA RURAL II,
5,USME,RURAL,102707,OLARTE,
5,USME,RURAL,102808,LA REGADERA,
5,USME,RURAL,102909,SAN BENITO,
5,USME,RURAL,102910,ARRAYAN,
5,USME,RURAL,102911,CURUBITAL,
19,CIUDAD BOLIVAR,RURAL,104102,PASQUILLITA,
19,CIUDAD BOLIVAR,RURAL,104104,PASQUILLA,
19,CIUDAD BOLIVAR,RURAL,104107,BELLA FLOR SUR RURAL,
19,CIUDAD BOLIVAR,RURAL,104108,LAS MERCEDES,
19,CIUDAD BOLIVAR,RURAL,104110,QUIBA BAJO,
19,CIUDAD BOLIVAR,RURAL,104112,SANTA ROSA,
19,CIUDAD BOLIVAR,RURAL,104113,SANTA BARBARA,
19,CIUDAD BOLIVAR,RURAL,104114,QUIBA ALTO,
19,CIUDAD BOLIVAR,RURAL,104118,CIUDAD BOLIVAR,
,,,,RURAL III,
19,CIUDAD BOLIVAR,RURAL,104119,CIUDAD BOLIVAR RURAL I,
19,CIUDAD BOLIVAR,RURAL,104127,EL MOCHUELO IV,
19,CIUDAD BOLIVAR,RURAL,104128,EL MOCHUELO III,
19,CIUDAD BOLIVAR,RURAL,104129,EL MOCHUELO II,
19,CIUDAD BOLIVAR,RURAL,104130,BRAZUELOS,
,,,,OCCIDENTAL RURAL,
19,CIUDAD BOLIVAR,RURAL,104131,MOCHUELO ALTO RURAL,
8,KENNEDY,RURAL,105103,SAN PEDRO,
9,FONTIBON,RURAL,105104,EL TINTAL,
8,KENNEDY,RURAL,105105,VEREDA EL TINTAL,
,,,,RURAL,
8,KENNEDY,RURAL,105203,OSORIO II,
7,BOSA,RURAL,105210,OSORIO X,
7,BOSA,RURAL,105223,OSORIO XXIII,
7,BOSA,RURAL,105314,EL CORZO RURAL,
7,BOSA,RURAL,105318,SAN BERNARDINO XVIII,
7,BOSA,RURAL,105325,SAN BERNARDINO XXV,
9,FONTIBON,RURAL,105401,EL CHANCO RURAL II,
9,FONTIBON,RURAL,105402,CHARCO RURAL,
9,FONTIBON,RURAL,105403,EL CHANCO RURAL III,
10,ENGATIVA,RURAL,106201,EL PANTANO,
10,ENGATIVA,RURAL,106301,ENGATIVA EL DORADO,
11,SUBA,RURAL,107101,GUAYMARAL,
11,SUBA,RURAL,107102,CASABLANCA SUBA,
11,SUBA,RURAL,107106,TUNA RURAL,
11,SUBA,RURAL,107107,LAS MERCEDES SUBA RURAL,
11,SUBA,RURAL,107109,BARAJAS NORTE,
11,SUBA,RURAL,107110,CASABLANCA SUBA I,
11,SUBA,RURAL,107111,CASABLANCA SUBA II,
11,SUBA,RURAL,107112,LA LOMITA,
1,USAQUEN,RURAL,108101,TORCA RURAL I,
1,USAQUEN,RURAL,108102,TIBABITA RURAL,
1,USAQUEN,RURAL,108103,BARRANCAS ORIENTAL RURAL,
1,USAQUEN,RURAL,108104,PARAMO,
1,USAQUEN,RURAL,108108,PARAMO II,
1,USAQUEN,RURAL,108109,PARAMO I,
1,USAQUEN,RURAL,108110,TORCA RURAL II,
1,USAQUEN,RURAL,108111,TIBABITA RURAL I,
1,USAQUEN,RURAL,108112,PARAMO II RURAL,
1,USAQUEN,RURAL,108113,BOSQUE DE PINOS III,
,,,,RURAL,
1,USAQUEN,RURAL,108114,PARAMO III RURAL,
2,CHAPINERO,RURAL CON C.,201105,EL REFUGIO I,
,,URBANAS,,,
2,CHAPINERO,RURAL CON C.,201108,EL REFUGIO II,
,,URBANAS,,,
2,CHAPINERO,RURAL CON C.,201109,INGEMAR I,8215
,,URBANAS,,,
2,CHAPINERO,RURAL CON C.,201110,INGEMAR ORIENTAL I,8218
,,URBANAS,,,
4,SAN CRISTOBAL,RURAL CON C.,201302,EL TRIANGULO,
,,URBANAS,,,
4,SAN CRISTOBAL,RURAL CON C.,201304,AGUAS CLARAS,
,,URBANAS,,,
4,SAN CRISTOBAL,RURAL CON C.,201306,TIBAQUE I,
,,URBANAS,,,
5,USME,RURAL CON C.,201309,TIBAQUE II,
,,URBANAS,,,
3,SANTA FE,RURAL CON C.,201404,LA PEÑA RURAL,
,,URBANAS,,,
2,CHAPINERO,RURAL CON C.,201502,SIBERIA RURAL,
,,URBANAS,,,
2,CHAPINERO,RURAL CON C.,201503,SIBERIA II,
,,URBANAS,,,
5,USME,RURAL CON C.,202203,BOLONIA I,
,,URBANAS,,,
5,USME,RURAL CON C.,202204,LA ESPERANZA SUR I,
,,URBANAS,,,
5,USME,RURAL CON C.,202309,EL BOSQUE SUR,2628
,,URBANAS,,ORIENTAL RURAL III,
5,USME,RURAL CON C.,202404,SAN FELIPE DE USME RURAL,
,,URBANAS,,,
5,USME,RURAL CON C.,202410,TOCAIMITA ORIENTAL,
,,URBANAS,,,
5,USME,RURAL CON C.,202502,EL UVAL,
,,URBANAS,,,
5,USME,RURAL CON C.,202506,EL NUEVO PORTAL II,
,,URBANAS,,RURAL,
5,USME,RURAL CON C.,202511,PUERTA AL LLANO RURAL,
,,URBANAS,,,
5,USME,RURAL CON C.,202601,CENTRO USME,
,,URBANAS,,,
19,CIUDAD BOLIVAR,RURAL CON C.,204104,PASQUILLA URBANA,
,,URBANAS,,,
19,CIUDAD BOLIVAR,RURAL CON C.,204107,EL MIRADOR II,
,,URBANAS,,,
19,CIUDAD BOLIVAR,RURAL CON C.,204128,QUIBA RURAL,
,,URBANAS,,,
19,CIUDAD BOLIVAR,RURAL CON C.,204129,EL MOCHUELO II NORTE,
,,URBANAS,,,
19,CIUDAD BOLIVAR,RURAL CON C.,204131,MOCHUELO ALTO URBANO,
,,URBANAS,,,
19,CIUDAD BOLIVAR,RURAL CON C.,204304,LAGUNITAS,
,,URBANAS,,,
8,KENNEDY,RURAL CON C.,205101,VEREDA EL TINTAL,
,,URBANAS,,URBANO,
9,FONTIBON,RURAL CON C.,205102,VEREDA EL TINTAL,
,,URBANAS,,,
8,KENNEDY,RURAL CON C.,205209,EL JAZMIN,
,,URBANAS,,,
8,KENNEDY,RURAL CON C.,205221,GALAN RURAL,
,,URBANAS,,,
8,KENNEDY,RURAL CON C.,205225,LAS ACACIAS RURAL,
,,URBANAS,,,
7,BOSA,RURAL CON C.,205308,CAÑAVERALEJO RURAL,
,,URBANAS,,,
7,BOSA,RURAL CON C.,205316,VILLA EMMA,
,,URBANAS,,,
7,BOSA,RURAL CON C.,205318,SAN BERNARDINO XVIII,
,,URBANAS,,,
7,BOSA,RURAL CON C.,205319,SAN BERNARDINO XIX,
,,URBANAS,,,
7,BOSA,RURAL CON C.,205320,EL REMANSO,
,,URBANAS,,,
7,BOSA,RURAL CON C.,205322,CAMPO VERDE,
,,URBANAS,,,
9,FONTIBON,RURAL CON C.,205401,EL CHANCO II,
,,URBANAS,,,
9,FONTIBON,RURAL CON C.,205402,EL CHARCO,
,,URBANAS,,,
1,USAQUEN,RURAL CON C.,208101,PARAMO IV,
,,URBANAS,,,
1,USAQUEN,RURAL CON C.,208103,BARRANCAS ORIENTAL,
,,URBANAS,,,
1,USAQUEN,RURAL CON C.,208104,PARAMO URBANO,
,,URBANAS,,,
2,CHAPINERO,RURAL CON C.,208107,LA ESPERANZA,
,,URBANAS,,,
2,CHAPINERO,RURAL CON C.,208108,SAN ISIDRO RURAL,
,,URBANAS,,,
2,CHAPINERO,RURAL CON C.,208110,SAN LUIS ALTOS DEL CABO RURAL,
,,URBANAS,,,
2,CHAPINERO,RURAL CON C.,208111,SAN ISIDRO RURAL,
,,URBANAS,,,
2,CHAPINERO,RURAL CON C.,208125,SAN LUIS ALTOS DEL CABO RURAL II,
,,URBANAS,,,
2,CHAPINERO,RURAL CON C.,208126,SAN ISIDRO RURAL II,
,,URBANAS,,,
2,CHAPINERO,RURAL CON C.,208127,PARAMO RURAL V,
,,URBANAS,,,
1,USAQUEN,RURAL CON C.,208128,TORCA II,8541
,,URBANAS,,,
1,USAQUEN,RURAL CON C.,208203,LA ESTRELLITA,
,,URBANAS,,,
